,actor loss,critic loss
0,-0.11171449627927554,0.0043457699176024205
